"REF_DATE","GEO","DGUID","Receipts, payments and balances","Current account and capital account","Countries or regions","UOM","UOM_ID","SCALAR_FACTOR","SCALAR_ID","VECTOR","COORDINATE","VALUE","STATUS","SYMBOL","TERMINATED","DECIMALS"
"2010","Canada","2016A000011124","Receipts","Total current account","All countries","Dollars","81","millions","6","v61914308","1.1.1.1","557834","","","","0"
"2011","Canada","2016A000011124","Receipts","Total current account","All countries","Dollars","81","millions","6","v61914308","1.1.1.1","623092","","","","0"
"2012","Canada","2016A000011124","Receipts","Total current account","All countries","Dollars","81","millions","6","v61914308","1.1.1.1","636520","","","","0"
"2013","Canada","2016A000011124","Receipts","Total current account","All countries","Dollars","81","millions","6","v61914308","1.1.1.1","662459","","","","0"
"2014","Canada","2016A000011124","Receipts","Total current account","All countries","Dollars","81","millions","6","v61914308","1.1.1.1","729837","","","","0"
"2015","Canada","2016A000011124","Receipts","Total current account","All countries","Dollars","81","millions","6","v61914308","1.1.1.1","737306","","","","0"
"2016","Canada","2016A000011124","Receipts","Total current account","All countries","Dollars","81","millions","6","v61914308","1.1.1.1","749245","","","","0"
"2017","Canada","2016A000011124","Receipts","Total current account","All countries","Dollars","81","millions","6","v61914308","1.1.1.1","801843","","","","0"
"2018","Canada","2016A000011124","Receipts","Total current account","All countries","Dollars","81","millions","6","v61914308","1.1.1.1","873419","","","","0"
"2019","Canada","2016A000011124","Receipts","Total current account","All countries","Dollars","81","millions","6","v61914308","1.1.1.1","911185","","","","0"
"2020","Canada","2016A000011124","Receipts","Total current account","All countries","Dollars","81","millions","6","v61914308","1.1.1.1","799295","","","","0"
"2021","Canada","2016A000011124","Receipts","Total current account","All countries","Dollars","81","millions","6","v61914308","1.1.1.1","949111","","","","0"
"2022","Canada","2016A000011124","Receipts","Total current account","All countries","Dollars","81","millions","6","v61914308","1.1.1.1","1143281","","","","0"
"2023","Canada","2016A000011124","Receipts","Total current account","All countries","Dollars","81","millions","6","v61914308","1.1.1.1","1210505","","","","0"
"2010","Canada","2016A000011124","Receipts","Goods and services","All countries","Dollars","81","millions","6","v61914316","1.1.2.1","485941","","","","0"
"2011","Canada","2016A000011124","Receipts","Goods and services","All countries","Dollars","81","millions","6","v61914316","1.1.2.1","544253","","","","0"
"2012","Canada","2016A000011124","Receipts","Goods and services","All countries","Dollars","81","millions","6","v61914316","1.1.2.1","554611","","","","0"
"2013","Canada","2016A000011124","Receipts","Goods and services","All countries","Dollars","81","millions","6","v61914316","1.1.2.1","576989","","","","0"
"2014","Canada","2016A000011124","Receipts","Goods and services","All countries","Dollars","81","millions","6","v61914316","1.1.2.1","633112","","","","0"
"2015","Canada","2016A000011124","Receipts","Goods and services","All countries","Dollars","81","millions","6","v61914316","1.1.2.1","633954","","","","0"
"2016","Canada","2016A000011124","Receipts","Goods and services","All countries","Dollars","81","millions","6","v61914316","1.1.2.1","638093","","","","0"
"2017","Canada","2016A000011124","Receipts","Goods and services","All countries","Dollars","81","millions","6","v61914316","1.1.2.1","673325","","","","0"
"2018","Canada","2016A000011124","Receipts","Goods and services","All countries","Dollars","81","millions","6","v61914316","1.1.2.1","722691","","","","0"
"2019","Canada","2016A000011124","Receipts","Goods and services","All countries","Dollars","81","millions","6","v61914316","1.1.2.1","748501","","","","0"
"2020","Canada","2016A000011124","Receipts","Goods and services","All countries","Dollars","81","millions","6","v61914316","1.1.2.1","654469","","","","0"
"2021","Canada","2016A000011124","Receipts","Goods and services","All countries","Dollars","81","millions","6","v61914316","1.1.2.1","785755","","","","0"
"2022","Canada","2016A000011124","Receipts","Goods and services","All countries","Dollars","81","millions","6","v61914316","1.1.2.1","952159","","","","0"
"2023","Canada","2016A000011124","Receipts","Goods and services","All countries","Dollars","81","millions","6","v61914316","1.1.2.1","968840","","","","0"
"2010","Canada","2016A000011124","Receipts","Goods","All countries","Dollars","81","millions","6","v61914324","1.1.3.1","404852","","","","0"
"2011","Canada","2016A000011124","Receipts","Goods","All countries","Dollars","81","millions","6","v61914324","1.1.3.1","457585","","","","0"
"2012","Canada","2016A000011124","Receipts","Goods","All countries","Dollars","81","millions","6","v61914324","1.1.3.1","462638","","","","0"
"2013","Canada","2016A000011124","Receipts","Goods","All countries","Dollars","81","millions","6","v61914324","1.1.3.1","480517","","","","0"
"2014","Canada","2016A000011124","Receipts","Goods","All countries","Dollars","81","millions","6","v61914324","1.1.3.1","530629","","","","0"
"2015","Canada","2016A000011124","Receipts","Goods","All countries","Dollars","81","millions","6","v61914324","1.1.3.1","525313","","","","0"
"2016","Canada","2016A000011124","Receipts","Goods","All countries","Dollars","81","millions","6","v61914324","1.1.3.1","522301","","","","0"
"2017","Canada","2016A000011124","Receipts","Goods","All countries","Dollars","81","millions","6","v61914324","1.1.3.1","550525","","","","0"
"2018","Canada","2016A000011124","Receipts","Goods","All countries","Dollars","81","millions","6","v61914324","1.1.3.1","586165","","","","0"
"2019","Canada","2016A000011124","Receipts","Goods","All countries","Dollars","81","millions","6","v61914324","1.1.3.1","595599","","","","0"
"2020","Canada","2016A000011124","Receipts","Goods","All countries","Dollars","81","millions","6","v61914324","1.1.3.1","522476","","","","0"
"2021","Canada","2016A000011124","Receipts","Goods","All countries","Dollars","81","millions","6","v61914324","1.1.3.1","636758","","","","0"
"2022","Canada","2016A000011124","Receipts","Goods","All countries","Dollars","81","millions","6","v61914324","1.1.3.1","779188","","","","0"
"2023","Canada","2016A000011124","Receipts","Goods","All countries","Dollars","81","millions","6","v61914324","1.1.3.1","768256","","","","0"
"2010","Canada","2016A000011124","Receipts","Services","All countries","Dollars","81","millions","6","v61914334","1.1.5.1","81089","","","","0"
"2011","Canada","2016A000011124","Receipts","Services","All countries","Dollars","81","millions","6","v61914334","1.1.5.1","86668","","","","0"
"2012","Canada","2016A000011124","Receipts","Services","All countries","Dollars","81","millions","6","v61914334","1.1.5.1","91973","","","","0"
"2013","Canada","2016A000011124","Receipts","Services","All countries","Dollars","81","millions","6","v61914334","1.1.5.1","96472","","","","0"
"2014","Canada","2016A000011124","Receipts","Services","All countries","Dollars","81","millions","6","v61914334","1.1.5.1","102483","","","","0"
"2015","Canada","2016A000011124","Receipts","Services","All countries","Dollars","81","millions","6","v61914334","1.1.5.1","108641","","","","0"
"2016","Canada","2016A000011124","Receipts","Services","All countries","Dollars","81","millions","6","v61914334","1.1.5.1","115792","","","","0"
"2017","Canada","2016A000011124","Receipts","Services","All countries","Dollars","81","millions","6","v61914334","1.1.5.1","122800","","","","0"
"2018","Canada","2016A000011124","Receipts","Services","All countries","Dollars","81","millions","6","v61914334","1.1.5.1","136526","","","","0"
"2019","Canada","2016A000011124","Receipts","Services","All countries","Dollars","81","millions","6","v61914334","1.1.5.1","152902","","","","0"
"2020","Canada","2016A000011124","Receipts","Services","All countries","Dollars","81","millions","6","v61914334","1.1.5.1","131993","","","","0"
"2021","Canada","2016A000011124","Receipts","Services","All countries","Dollars","81","millions","6","v61914334","1.1.5.1","148997","","","","0"
"2022","Canada","2016A000011124","Receipts","Services","All countries","Dollars","81","millions","6","v61914334","1.1.5.1","172970","","","","0"
"2023","Canada","2016A000011124","Receipts","Services","All countries","Dollars","81","millions","6","v61914334","1.1.5.1","200585","","","","0"
"2010","Canada","2016A000011124","Receipts","Primary income","All countries","Dollars","81","millions","6","v61914382","1.1.11.1","62872","","","","0"
"2011","Canada","2016A000011124","Receipts","Primary income","All countries","Dollars","81","millions","6","v61914382","1.1.11.1","69429","","","","0"
"2012","Canada","2016A000011124","Receipts","Primary income","All countries","Dollars","81","millions","6","v61914382","1.1.11.1","72987","","","","0"
"2013","Canada","2016A000011124","Receipts","Primary income","All countries","Dollars","81","millions","6","v61914382","1.1.11.1","75780","","","","0"
"2014","Canada","2016A000011124","Receipts","Primary income","All countries","Dollars","81","millions","6","v61914382","1.1.11.1","86043","","","","0"
"2015","Canada","2016A000011124","Receipts","Primary income","All countries","Dollars","81","millions","6","v61914382","1.1.11.1","92424","","","","0"
"2016","Canada","2016A000011124","Receipts","Primary income","All countries","Dollars","81","millions","6","v61914382","1.1.11.1","97904","","","","0"
"2017","Canada","2016A000011124","Receipts","Primary income","All countries","Dollars","81","millions","6","v61914382","1.1.11.1","116567","","","","0"
"2018","Canada","2016A000011124","Receipts","Primary income","All countries","Dollars","81","millions","6","v61914382","1.1.11.1","136826","","","","0"
"2019","Canada","2016A000011124","Receipts","Primary income","All countries","Dollars","81","millions","6","v61914382","1.1.11.1","147386","","","","0"
"2020","Canada","2016A000011124","Receipts","Primary income","All countries","Dollars","81","millions","6","v61914382","1.1.11.1","132330","","","","0"
"2021","Canada","2016A000011124","Receipts","Primary income","All countries","Dollars","81","millions","6","v61914382","1.1.11.1","147839","","","","0"
"2022","Canada","2016A000011124","Receipts","Primary income","All countries","Dollars","81","millions","6","v61914382","1.1.11.1","172943","","","","0"
"2023","Canada","2016A000011124","Receipts","Primary income","All countries","Dollars","81","millions","6","v61914382","1.1.11.1","222770","","","","0"
"2010","Canada","2016A000011124","Receipts","Compensation of employees","All countries","Dollars","81","millions","6","v61914390","1.1.12.1","1235","","","","0"
"2011","Canada","2016A000011124","Receipts","Compensation of employees","All countries","Dollars","81","millions","6","v61914390","1.1.12.1","1214","","","","0"
"2012","Canada","2016A000011124","Receipts","Compensation of employees","All countries","Dollars","81","millions","6","v61914390","1.1.12.1","1254","","","","0"
"2013","Canada","2016A000011124","Receipts","Compensation of employees","All countries","Dollars","81","millions","6","v61914390","1.1.12.1","1377","","","","0"
"2014","Canada","2016A000011124","Receipts","Compensation of employees","All countries","Dollars","81","millions","6","v61914390","1.1.12.1","1493","","","","0"
"2015","Canada","2016A000011124","Receipts","Compensation of employees","All countries","Dollars","81","millions","6","v61914390","1.1.12.1","1629","","","","0"
"2016","Canada","2016A000011124","Receipts","Compensation of employees","All countries","Dollars","81","millions","6","v61914390","1.1.12.1","1709","","","","0"
"2017","Canada","2016A000011124","Receipts","Compensation of employees","All countries","Dollars","81","millions","6","v61914390","1.1.12.1","1645","","","","0"
"2018","Canada","2016A000011124","Receipts","Compensation of employees","All countries","Dollars","81","millions","6","v61914390","1.1.12.1","1679","","","","0"
"2019","Canada","2016A000011124","Receipts","Compensation of employees","All countries","Dollars","81","millions","6","v61914390","1.1.12.1","1740","","","","0"
"2020","Canada","2016A000011124","Receipts","Compensation of employees","All countries","Dollars","81","millions","6","v61914390","1.1.12.1","1102","","","","0"
"2021","Canada","2016A000011124","Receipts","Compensation of employees","All countries","Dollars","81","millions","6","v61914390","1.1.12.1","1043","","","","0"
"2022","Canada","2016A000011124","Receipts","Compensation of employees","All countries","Dollars","81","millions","6","v61914390","1.1.12.1","1124","","","","0"
"2023","Canada","2016A000011124","Receipts","Compensation of employees","All countries","Dollars","81","millions","6","v61914390","1.1.12.1","1144","","","","0"
"2010","Canada","2016A000011124","Receipts","Investment income","All countries","Dollars","81","millions","6","v61914398","1.1.13.1","61637","","","","0"
"2011","Canada","2016A000011124","Receipts","Investment income","All countries","Dollars","81","millions","6","v61914398","1.1.13.1","68215","","","","0"
"2012","Canada","2016A000011124","Receipts","Investment income","All countries","Dollars","81","millions","6","v61914398","1.1.13.1","71734","","","","0"
"2013","Canada","2016A000011124","Receipts","Investment income","All countries","Dollars","81","millions","6","v61914398","1.1.13.1","74403","","","","0"
"2014","Canada","2016A000011124","Receipts","Investment income","All countries","Dollars","81","millions","6","v61914398","1.1.13.1","84550","","","","0"
"2015","Canada","2016A000011124","Receipts","Investment income","All countries","Dollars","81","millions","6","v61914398","1.1.13.1","90794","","","","0"
"2016","Canada","2016A000011124","Receipts","Investment income","All countries","Dollars","81","millions","6","v61914398","1.1.13.1","96195","","","","0"
"2017","Canada","2016A000011124","Receipts","Investment income","All countries","Dollars","81","millions","6","v61914398","1.1.13.1","114922","","","","0"
"2018","Canada","2016A000011124","Receipts","Investment income","All countries","Dollars","81","millions","6","v61914398","1.1.13.1","135148","","","","0"
"2019","Canada","2016A000011124","Receipts","Investment income","All countries","Dollars","81","millions","6","v61914398","1.1.13.1","145646","","","","0"
"2020","Canada","2016A000011124","Receipts","Investment income","All countries","Dollars","81","millions","6","v61914398","1.1.13.1","131228","","","","0"
"2021","Canada","2016A000011124","Receipts","Investment income","All countries","Dollars","81","millions","6","v61914398","1.1.13.1","146797","","","","0"
"2022","Canada","2016A000011124","Receipts","Investment income","All countries","Dollars","81","millions","6","v61914398","1.1.13.1","171819","","","","0"
"2023","Canada","2016A000011124","Receipts","Investment income","All countries","Dollars","81","millions","6","v61914398","1.1.13.1","221626","","","","0"
"2010","Canada","2016A000011124","Receipts","Direct investment income","All countries","Dollars","81","millions","6","v61914406","1.1.14.1","38612","","","","0"
"2011","Canada","2016A000011124","Receipts","Direct investment income","All countries","Dollars","81","millions","6","v61914406","1.1.14.1","43985","","","","0"
"2012","Canada","2016A000011124","Receipts","Direct investment income","All countries","Dollars","81","millions","6","v61914406","1.1.14.1","45050","","","","0"
"2013","Canada","2016A000011124","Receipts","Direct investment income","All countries","Dollars","81","millions","6","v61914406","1.1.14.1","45782","","","","0"
"2014","Canada","2016A000011124","Receipts","Direct investment income","All countries","Dollars","81","millions","6","v61914406","1.1.14.1","52065","","","","0"
"2015","Canada","2016A000011124","Receipts","Direct investment income","All countries","Dollars","81","millions","6","v61914406","1.1.14.1","53465","","","","0"
"2016","Canada","2016A000011124","Receipts","Direct investment income","All countries","Dollars","81","millions","6","v61914406","1.1.14.1","54042","","","","0"
"2017","Canada","2016A000011124","Receipts","Direct investment income","All countries","Dollars","81","millions","6","v61914406","1.1.14.1","70283","","","","0"
"2018","Canada","2016A000011124","Receipts","Direct investment income","All countries","Dollars","81","millions","6","v61914406","1.1.14.1","81697","","","","0"
"2019","Canada","2016A000011124","Receipts","Direct investment income","All countries","Dollars","81","millions","6","v61914406","1.1.14.1","81765","","","","0"
"2020","Canada","2016A000011124","Receipts","Direct investment income","All countries","Dollars","81","millions","6","v61914406","1.1.14.1","76409","","","","0"
"2021","Canada","2016A000011124","Receipts","Direct investment income","All countries","Dollars","81","millions","6","v61914406","1.1.14.1","98077","","","","0"
"2022","Canada","2016A000011124","Receipts","Direct investment income","All countries","Dollars","81","millions","6","v61914406","1.1.14.1","107637","","","","0"
"2023","Canada","2016A000011124","Receipts","Direct investment income","All countries","Dollars","81","millions","6","v61914406","1.1.14.1","117340","","","","0"
"2010","Canada","2016A000011124","Receipts","Portfolio investment income","All countries","Dollars","81","millions","6","v61914414","1.1.15.1","17940","","","","0"
"2011","Canada","2016A000011124","Receipts","Portfolio investment income","All countries","Dollars","81","millions","6","v61914414","1.1.15.1","19032","","","","0"
"2012","Canada","2016A000011124","Receipts","Portfolio investment income","All countries","Dollars","81","millions","6","v61914414","1.1.15.1","20993","","","","0"
"2013","Canada","2016A000011124","Receipts","Portfolio investment income","All countries","Dollars","81","millions","6","v61914414","1.1.15.1","23146","","","","0"
"2014","Canada","2016A000011124","Receipts","Portfolio investment income","All countries","Dollars","81","millions","6","v61914414","1.1.15.1","25754","","","","0"
"2015","Canada","2016A000011124","Receipts","Portfolio investment income","All countries","Dollars","81","millions","6","v61914414","1.1.15.1","29083","","","","0"
"2016","Canada","2016A000011124","Receipts","Portfolio investment income","All countries","Dollars","81","millions","6","v61914414","1.1.15.1","31813","","","","0"
"2017","Canada","2016A000011124","Receipts","Portfolio investment income","All countries","Dollars","81","millions","6","v61914414","1.1.15.1","33099","","","","0"
"2018","Canada","2016A000011124","Receipts","Portfolio investment income","All countries","Dollars","81","millions","6","v61914414","1.1.15.1","36456","","","","0"
"2019","Canada","2016A000011124","Receipts","Portfolio investment income","All countries","Dollars","81","millions","6","v61914414","1.1.15.1","40624","","","","0"
"2020","Canada","2016A000011124","Receipts","Portfolio investment income","All countries","Dollars","81","millions","6","v61914414","1.1.15.1","40786","","","","0"
"2021","Canada","2016A000011124","Receipts","Portfolio investment income","All countries","Dollars","81","millions","6","v61914414","1.1.15.1","42114","","","","0"
"2022","Canada","2016A000011124","Receipts","Portfolio investment income","All countries","Dollars","81","millions","6","v61914414","1.1.15.1","45364","","","","0"
"2023","Canada","2016A000011124","Receipts","Portfolio investment income","All countries","Dollars","81","millions","6","v61914414","1.1.15.1","53106","","","","0"
"2010","Canada","2016A000011124","Receipts","Other investment income","All countries","Dollars","81","millions","6","v61914422","1.1.16.1","5084","","","","0"
"2011","Canada","2016A000011124","Receipts","Other investment income","All countries","Dollars","81","millions","6","v61914422","1.1.16.1","5198","","","","0"
"2012","Canada","2016A000011124","Receipts","Other investment income","All countries","Dollars","81","millions","6","v61914422","1.1.16.1","5691","","","","0"
"2013","Canada","2016A000011124","Receipts","Other investment income","All countries","Dollars","81","millions","6","v61914422","1.1.16.1","5475","","","","0"
"2014","Canada","2016A000011124","Receipts","Other investment income","All countries","Dollars","81","millions","6","v61914422","1.1.16.1","6731","","","","0"
"2015","Canada","2016A000011124","Receipts","Other investment income","All countries","Dollars","81","millions","6","v61914422","1.1.16.1","8247","","","","0"
"2016","Canada","2016A000011124","Receipts","Other investment income","All countries","Dollars","81","millions","6","v61914422","1.1.16.1","10340","","","","0"
"2017","Canada","2016A000011124","Receipts","Other investment income","All countries","Dollars","81","millions","6","v61914422","1.1.16.1","11539","","","","0"
"2018","Canada","2016A000011124","Receipts","Other investment income","All countries","Dollars","81","millions","6","v61914422","1.1.16.1","16995","","","","0"
"2019","Canada","2016A000011124","Receipts","Other investment income","All countries","Dollars","81","millions","6","v61914422","1.1.16.1","23257","","","","0"
"2020","Canada","2016A000011124","Receipts","Other investment income","All countries","Dollars","81","millions","6","v61914422","1.1.16.1","14034","","","","0"
"2021","Canada","2016A000011124","Receipts","Other investment income","All countries","Dollars","81","millions","6","v61914422","1.1.16.1","6606","","","","0"
"2022","Canada","2016A000011124","Receipts","Other investment income","All countries","Dollars","81","millions","6","v61914422","1.1.16.1","18819","","","","0"
"2023","Canada","2016A000011124","Receipts","Other investment income","All countries","Dollars","81","millions","6","v61914422","1.1.16.1","51180","","","","0"
"2010","Canada","2016A000011124","Receipts","Secondary income","All countries","Dollars","81","millions","6","v61914430","1.1.17.1","9021","","","","0"
"2011","Canada","2016A000011124","Receipts","Secondary income","All countries","Dollars","81","millions","6","v61914430","1.1.17.1","9410","","","","0"
"2012","Canada","2016A000011124","Receipts","Secondary income","All countries","Dollars","81","millions","6","v61914430","1.1.17.1","8922","","","","0"
"2013","Canada","2016A000011124","Receipts","Secondary income","All countries","Dollars","81","millions","6","v61914430","1.1.17.1","9690","","","","0"
"2014","Canada","2016A000011124","Receipts","Secondary income","All countries","Dollars","81","millions","6","v61914430","1.1.17.1","10682","","","","0"
"2015","Canada","2016A000011124","Receipts","Secondary income","All countries","Dollars","81","millions","6","v61914430","1.1.17.1","10928","","","","0"
"2016","Canada","2016A000011124","Receipts","Secondary income","All countries","Dollars","81","millions","6","v61914430","1.1.17.1","13248","","","","0"
"2017","Canada","2016A000011124","Receipts","Secondary income","All countries","Dollars","81","millions","6","v61914430","1.1.17.1","11951","","","","0"
"2018","Canada","2016A000011124","Receipts","Secondary income","All countries","Dollars","81","millions","6","v61914430","1.1.17.1","13902","","","","0"
"2019","Canada","2016A000011124","Receipts","Secondary income","All countries","Dollars","81","millions","6","v61914430","1.1.17.1","15298","","","","0"
"2020","Canada","2016A000011124","Receipts","Secondary income","All countries","Dollars","81","millions","6","v61914430","1.1.17.1","12495","","","","0"
"2021","Canada","2016A000011124","Receipts","Secondary income","All countries","Dollars","81","millions","6","v61914430","1.1.17.1","15517","","","","0"
"2022","Canada","2016A000011124","Receipts","Secondary income","All countries","Dollars","81","millions","6","v61914430","1.1.17.1","18180","","","","0"
"2023","Canada","2016A000011124","Receipts","Secondary income","All countries","Dollars","81","millions","6","v61914430","1.1.17.1","18895","","","","0"
"2010","Canada","2016A000011124","Receipts","Private transfers","All countries","Dollars","81","millions","6","v61914438","1.1.18.1","2901","","","","0"
"2011","Canada","2016A000011124","Receipts","Private transfers","All countries","Dollars","81","millions","6","v61914438","1.1.18.1","3282","","","","0"
"2012","Canada","2016A000011124","Receipts","Private transfers","All countries","Dollars","81","millions","6","v61914438","1.1.18.1","3295","","","","0"
"2013","Canada","2016A000011124","Receipts","Private transfers","All countries","Dollars","81","millions","6","v61914438","1.1.18.1","3654","","","","0"
"2014","Canada","2016A000011124","Receipts","Private transfers","All countries","Dollars","81","millions","6","v61914438","1.1.18.1","3357","","","","0"
"2015","Canada","2016A000011124","Receipts","Private transfers","All countries","Dollars","81","millions","6","v61914438","1.1.18.1","3592","","","","0"
"2016","Canada","2016A000011124","Receipts","Private transfers","All countries","Dollars","81","millions","6","v61914438","1.1.18.1","5779","","","","0"
"2017","Canada","2016A000011124","Receipts","Private transfers","All countries","Dollars","81","millions","6","v61914438","1.1.18.1","3740","","","","0"
"2018","Canada","2016A000011124","Receipts","Private transfers","All countries","Dollars","81","millions","6","v61914438","1.1.18.1","4208","","","","0"
"2019","Canada","2016A000011124","Receipts","Private transfers","All countries","Dollars","81","millions","6","v61914438","1.1.18.1","4384","","","","0"
"2020","Canada","2016A000011124","Receipts","Private transfers","All countries","Dollars","81","millions","6","v61914438","1.1.18.1","4417","","","","0"
"2021","Canada","2016A000011124","Receipts","Private transfers","All countries","Dollars","81","millions","6","v61914438","1.1.18.1","4460","","","","0"
"2022","Canada","2016A000011124","Receipts","Private transfers","All countries","Dollars","81","millions","6","v61914438","1.1.18.1","4829","","","","0"
"2023","Canada","2016A000011124","Receipts","Private transfers","All countries","Dollars","81","millions","6","v61914438","1.1.18.1","5409","","","","0"
"2010","Canada","2016A000011124","Receipts","Government transfers","All countries","Dollars","81","millions","6","v61914447","1.1.23.1","6121","","","","0"
"2011","Canada","2016A000011124","Receipts","Government transfers","All countries","Dollars","81","millions","6","v61914447","1.1.23.1","6128","","","","0"
"2012","Canada","2016A000011124","Receipts","Government transfers","All countries","Dollars","81","millions","6","v61914447","1.1.23.1","5626","","","","0"
"2013","Canada","2016A000011124","Receipts","Government transfers","All countries","Dollars","81","millions","6","v61914447","1.1.23.1","6036","","","","0"
"2014","Canada","2016A000011124","Receipts","Government transfers","All countries","Dollars","81","millions","6","v61914447","1.1.23.1","7324","","","","0"
"2015","Canada","2016A000011124","Receipts","Government transfers","All countries","Dollars","81","millions","6","v61914447","1.1.23.1","7336","","","","0"
"2016","Canada","2016A000011124","Receipts","Government transfers","All countries","Dollars","81","millions","6","v61914447","1.1.23.1","7469","","","","0"
"2017","Canada","2016A000011124","Receipts","Government transfers","All countries","Dollars","81","millions","6","v61914447","1.1.23.1","8212","","","","0"
"2018","Canada","2016A000011124","Receipts","Government transfers","All countries","Dollars","81","millions","6","v61914447","1.1.23.1","9694","","","","0"
"2019","Canada","2016A000011124","Receipts","Government transfers","All countries","Dollars","81","millions","6","v61914447","1.1.23.1","10914","","","","0"
"2020","Canada","2016A000011124","Receipts","Government transfers","All countries","Dollars","81","millions","6","v61914447","1.1.23.1","8078","","","","0"
"2021","Canada","2016A000011124","Receipts","Government transfers","All countries","Dollars","81","millions","6","v61914447","1.1.23.1","11057","","","","0"
"2022","Canada","2016A000011124","Receipts","Government transfers","All countries","Dollars","81","millions","6","v61914447","1.1.23.1","13350","","","","0"
"2023","Canada","2016A000011124","Receipts","Government transfers","All countries","Dollars","81","millions","6","v61914447","1.1.23.1","13486","","","","0"
"2010","Canada","2016A000011124","Receipts","Capital account","All countries","Dollars","81","millions","6","v61914457","1.1.27.1","259","","","","0"
"2011","Canada","2016A000011124","Receipts","Capital account","All countries","Dollars","81","millions","6","v61914457","1.1.27.1","4907","","","","0"
"2012","Canada","2016A000011124","Receipts","Capital account","All countries","Dollars","81","millions","6","v61914457","1.1.27.1","285","","","","0"
"2013","Canada","2016A000011124","Receipts","Capital account","All countries","Dollars","81","millions","6","v61914457","1.1.27.1","300","","","","0"
"2014","Canada","2016A000011124","Receipts","Capital account","All countries","Dollars","81","millions","6","v61914457","1.1.27.1","879","","","","0"
"2015","Canada","2016A000011124","Receipts","Capital account","All countries","Dollars","81","millions","6","v61914457","1.1.27.1","330","","","","0"
"2016","Canada","2016A000011124","Receipts","Capital account","All countries","Dollars","81","millions","6","v61914457","1.1.27.1","280","","","","0"
"2017","Canada","2016A000011124","Receipts","Capital account","All countries","Dollars","81","millions","6","v61914457","1.1.27.1","280","","","","0"
"2018","Canada","2016A000011124","Receipts","Capital account","All countries","Dollars","81","millions","6","v61914457","1.1.27.1","280","","","","0"
"2019","Canada","2016A000011124","Receipts","Capital account","All countries","Dollars","81","millions","6","v61914457","1.1.27.1","280","","","","0"
"2020","Canada","2016A000011124","Receipts","Capital account","All countries","Dollars","81","millions","6","v61914457","1.1.27.1","280","","","","0"
"2021","Canada","2016A000011124","Receipts","Capital account","All countries","Dollars","81","millions","6","v61914457","1.1.27.1","280","","","","0"
"2022","Canada","2016A000011124","Receipts","Capital account","All countries","Dollars","81","millions","6","v61914457","1.1.27.1","280","","","","0"
"2023","Canada","2016A000011124","Receipts","Capital account","All countries","Dollars","81","millions","6","v61914457","1.1.27.1","509","","","","0"
"2010","Canada","2016A000011124","Payments","Total current account","All countries","Dollars","81","millions","6","v61914458","1.2.1.1","617185","","","","0"
"2011","Canada","2016A000011124","Payments","Total current account","All countries","Dollars","81","millions","6","v61914458","1.2.1.1","671204","","","","0"
"2012","Canada","2016A000011124","Payments","Total current account","All countries","Dollars","81","millions","6","v61914458","1.2.1.1","701099","","","","0"
"2013","Canada","2016A000011124","Payments","Total current account","All countries","Dollars","81","millions","6","v61914458","1.2.1.1","722218","","","","0"
"2014","Canada","2016A000011124","Payments","Total current account","All countries","Dollars","81","millions","6","v61914458","1.2.1.1","776115","","","","0"
"2015","Canada","2016A000011124","Payments","Total current account","All countries","Dollars","81","millions","6","v61914458","1.2.1.1","806875","","","","0"
"2016","Canada","2016A000011124","Payments","Total current account","All countries","Dollars","81","millions","6","v61914458","1.2.1.1","811799","","","","0"
"2017","Canada","2016A000011124","Payments","Total current account","All countries","Dollars","81","millions","6","v61914458","1.2.1.1","861840","","","","0"
"2018","Canada","2016A000011124","Payments","Total current account","All countries","Dollars","81","millions","6","v61914458","1.2.1.1","926560","","","","0"
"2019","Canada","2016A000011124","Payments","Total current account","All countries","Dollars","81","millions","6","v61914458","1.2.1.1","956368","","","","0"
"2020","Canada","2016A000011124","Payments","Total current account","All countries","Dollars","81","millions","6","v61914458","1.2.1.1","844084","","","","0"
"2021","Canada","2016A000011124","Payments","Total current account","All countries","Dollars","81","millions","6","v61914458","1.2.1.1","948739","","","","0"
"2022","Canada","2016A000011124","Payments","Total current account","All countries","Dollars","81","millions","6","v61914458","1.2.1.1","1153593","","","","0"
"2023","Canada","2016A000011124","Payments","Total current account","All countries","Dollars","81","millions","6","v61914458","1.2.1.1","1228264","","","","0"
"2010","Canada","2016A000011124","Payments","Goods and services","All countries","Dollars","81","millions","6","v61914466","1.2.2.1","517153","","","","0"
"2011","Canada","2016A000011124","Payments","Goods and services","All countries","Dollars","81","millions","6","v61914466","1.2.2.1","564513","","","","0"
"2012","Canada","2016A000011124","Payments","Goods and services","All countries","Dollars","81","millions","6","v61914466","1.2.2.1","589137","","","","0"
"2013","Canada","2016A000011124","Payments","Goods and services","All countries","Dollars","81","millions","6","v61914466","1.2.2.1","606802","","","","0"
"2014","Canada","2016A000011124","Payments","Goods and services","All countries","Dollars","81","millions","6","v61914466","1.2.2.1","651176","","","","0"
"2015","Canada","2016A000011124","Payments","Goods and services","All countries","Dollars","81","millions","6","v61914466","1.2.2.1","683020","","","","0"
"2016","Canada","2016A000011124","Payments","Goods and services","All countries","Dollars","81","millions","6","v61914466","1.2.2.1","685868","","","","0"
"2017","Canada","2016A000011124","Payments","Goods and services","All countries","Dollars","81","millions","6","v61914466","1.2.2.1","720254","","","","0"
"2018","Canada","2016A000011124","Payments","Goods and services","All countries","Dollars","81","millions","6","v61914466","1.2.2.1","766266","","","","0"
"2019","Canada","2016A000011124","Payments","Goods and services","All countries","Dollars","81","millions","6","v61914466","1.2.2.1","782421","","","","0"
"2020","Canada","2016A000011124","Payments","Goods and services","All countries","Dollars","81","millions","6","v61914466","1.2.2.1","703531","","","","0"
"2021","Canada","2016A000011124","Payments","Goods and services","All countries","Dollars","81","millions","6","v61914466","1.2.2.1","785539","","","","0"
"2022","Canada","2016A000011124","Payments","Goods and services","All countries","Dollars","81","millions","6","v61914466","1.2.2.1","948468","","","","0"
"2023","Canada","2016A000011124","Payments","Goods and services","All countries","Dollars","81","millions","6","v61914466","1.2.2.1","980118","","","","0"
"2010","Canada","2016A000011124","Payments","Goods","All countries","Dollars","81","millions","6","v61914474","1.2.3.1","414004","","","","0"
"2011","Canada","2016A000011124","Payments","Goods","All countries","Dollars","81","millions","6","v61914474","1.2.3.1","456395","","","","0"
"2012","Canada","2016A000011124","Payments","Goods","All countries","Dollars","81","millions","6","v61914474","1.2.3.1","475171","","","","0"
"2013","Canada","2016A000011124","Payments","Goods","All countries","Dollars","81","millions","6","v61914474","1.2.3.1","487760","","","","0"
"2014","Canada","2016A000011124","Payments","Goods","All countries","Dollars","81","millions","6","v61914474","1.2.3.1","525052","","","","0"
"2015","Canada","2016A000011124","Payments","Goods","All countries","Dollars","81","millions","6","v61914474","1.2.3.1","549065","","","","0"
"2016","Canada","2016A000011124","Payments","Goods","All countries","Dollars","81","millions","6","v61914474","1.2.3.1","547349","","","","0"
"2017","Canada","2016A000011124","Payments","Goods","All countries","Dollars","81","millions","6","v61914474","1.2.3.1","575024","","","","0"
"2018","Canada","2016A000011124","Payments","Goods","All countries","Dollars","81","millions","6","v61914474","1.2.3.1","607970","","","","0"
"2019","Canada","2016A000011124","Payments","Goods","All countries","Dollars","81","millions","6","v61914474","1.2.3.1","614398","","","","0"
"2020","Canada","2016A000011124","Payments","Goods","All countries","Dollars","81","millions","6","v61914474","1.2.3.1","563123","","","","0"
"2021","Canada","2016A000011124","Payments","Goods","All countries","Dollars","81","millions","6","v61914474","1.2.3.1","634298","","","","0"
"2022","Canada","2016A000011124","Payments","Goods","All countries","Dollars","81","millions","6","v61914474","1.2.3.1","759482","","","","0"
"2023","Canada","2016A000011124","Payments","Goods","All countries","Dollars","81","millions","6","v61914474","1.2.3.1","770083","","","","0"
"2010","Canada","2016A000011124","Payments","Services","All countries","Dollars","81","millions","6","v61914482","1.2.5.1","103150","","","","0"
"2011","Canada","2016A000011124","Payments","Services","All countries","Dollars","81","millions","6","v61914482","1.2.5.1","108118","","","","0"
"2012","Canada","2016A000011124","Payments","Services","All countries","Dollars","81","millions","6","v61914482","1.2.5.1","113965","","","","0"
"2013","Canada","2016A000011124","Payments","Services","All countries","Dollars","81","millions","6","v61914482","1.2.5.1","119042","","","","0"
"2014","Canada","2016A000011124","Payments","Services","All countries","Dollars","81","millions","6","v61914482","1.2.5.1","126124","","","","0"
"2015","Canada","2016A000011124","Payments","Services","All countries","Dollars","81","millions","6","v61914482","1.2.5.1","133956","","","","0"
"2016","Canada","2016A000011124","Payments","Services","All countries","Dollars","81","millions","6","v61914482","1.2.5.1","138519","","","","0"
"2017","Canada","2016A000011124","Payments","Services","All countries","Dollars","81","millions","6","v61914482","1.2.5.1","145229","","","","0"
"2018","Canada","2016A000011124","Payments","Services","All countries","Dollars","81","millions","6","v61914482","1.2.5.1","158295","","","","0"
"2019","Canada","2016A000011124","Payments","Services","All countries","Dollars","81","millions","6","v61914482","1.2.5.1","168023","","","","0"
"2020","Canada","2016A000011124","Payments","Services","All countries","Dollars","81","millions","6","v61914482","1.2.5.1","140408","","","","0"
"2021","Canada","2016A000011124","Payments","Services","All countries","Dollars","81","millions","6","v61914482","1.2.5.1","151241","","","","0"
"2022","Canada","2016A000011124","Payments","Services","All countries","Dollars","81","millions","6","v61914482","1.2.5.1","188986","","","","0"
"2023","Canada","2016A000011124","Payments","Services","All countries","Dollars","81","millions","6","v61914482","1.2.5.1","210036","","","","0"
"2010","Canada","2016A000011124","Payments","Primary income","All countries","Dollars","81","millions","6","v61914530","1.2.11.1","87047","","","","0"
"2011","Canada","2016A000011124","Payments","Primary income","All countries","Dollars","81","millions","6","v61914530","1.2.11.1","93654","","","","0"
"2012","Canada","2016A000011124","Payments","Primary income","All countries","Dollars","81","millions","6","v61914530","1.2.11.1","98842","","","","0"
"2013","Canada","2016A000011124","Payments","Primary income","All countries","Dollars","81","millions","6","v61914530","1.2.11.1","101677","","","","0"
"2014","Canada","2016A000011124","Payments","Primary income","All countries","Dollars","81","millions","6","v61914530","1.2.11.1","110817","","","","0"
"2015","Canada","2016A000011124","Payments","Primary income","All countries","Dollars","81","millions","6","v61914530","1.2.11.1","108733","","","","0"
"2016","Canada","2016A000011124","Payments","Primary income","All countries","Dollars","81","millions","6","v61914530","1.2.11.1","110561","","","","0"
"2017","Canada","2016A000011124","Payments","Primary income","All countries","Dollars","81","millions","6","v61914530","1.2.11.1","125270","","","","0"
"2018","Canada","2016A000011124","Payments","Primary income","All countries","Dollars","81","millions","6","v61914530","1.2.11.1","143100","","","","0"
"2019","Canada","2016A000011124","Payments","Primary income","All countries","Dollars","81","millions","6","v61914530","1.2.11.1","155672","","","","0"
"2020","Canada","2016A000011124","Payments","Primary income","All countries","Dollars","81","millions","6","v61914530","1.2.11.1","121663","","","","0"
"2021","Canada","2016A000011124","Payments","Primary income","All countries","Dollars","81","millions","6","v61914530","1.2.11.1","142907","","","","0"
"2022","Canada","2016A000011124","Payments","Primary income","All countries","Dollars","81","millions","6","v61914530","1.2.11.1","182966","","","","0"
"2023","Canada","2016A000011124","Payments","Primary income","All countries","Dollars","81","millions","6","v61914530","1.2.11.1","221714","","","","0"
"2010","Canada","2016A000011124","Payments","Compensation of employees","All countries","Dollars","81","millions","6","v61914538","1.2.12.1","2977","","","","0"
"2011","Canada","2016A000011124","Payments","Compensation of employees","All countries","Dollars","81","millions","6","v61914538","1.2.12.1","3116","","","","0"
"2012","Canada","2016A000011124","Payments","Compensation of employees","All countries","Dollars","81","millions","6","v61914538","1.2.12.1","3177","","","","0"
"2013","Canada","2016A000011124","Payments","Compensation of employees","All countries","Dollars","81","millions","6","v61914538","1.2.12.1","3375","","","","0"
"2014","Canada","2016A000011124","Payments","Compensation of employees","All countries","Dollars","81","millions","6","v61914538","1.2.12.1","3709","","","","0"
"2015","Canada","2016A000011124","Payments","Compensation of employees","All countries","Dollars","81","millions","6","v61914538","1.2.12.1","3733","","","","0"
"2016","Canada","2016A000011124","Payments","Compensation of employees","All countries","Dollars","81","millions","6","v61914538","1.2.12.1","4049","","","","0"
"2017","Canada","2016A000011124","Payments","Compensation of employees","All countries","Dollars","81","millions","6","v61914538","1.2.12.1","5077","","","","0"
"2018","Canada","2016A000011124","Payments","Compensation of employees","All countries","Dollars","81","millions","6","v61914538","1.2.12.1","6323","","","","0"
"2019","Canada","2016A000011124","Payments","Compensation of employees","All countries","Dollars","81","millions","6","v61914538","1.2.12.1","7928","","","","0"
"2020","Canada","2016A000011124","Payments","Compensation of employees","All countries","Dollars","81","millions","6","v61914538","1.2.12.1","6268","","","","0"
"2021","Canada","2016A000011124","Payments","Compensation of employees","All countries","Dollars","81","millions","6","v61914538","1.2.12.1","6465","","","","0"
"2022","Canada","2016A000011124","Payments","Compensation of employees","All countries","Dollars","81","millions","6","v61914538","1.2.12.1","6885","","","","0"
"2023","Canada","2016A000011124","Payments","Compensation of employees","All countries","Dollars","81","millions","6","v61914538","1.2.12.1","7453","","","","0"
"2010","Canada","2016A000011124","Payments","Investment income","All countries","Dollars","81","millions","6","v61914546","1.2.13.1","84069","","","","0"
"2011","Canada","2016A000011124","Payments","Investment income","All countries","Dollars","81","millions","6","v61914546","1.2.13.1","90538","","","","0"
"2012","Canada","2016A000011124","Payments","Investment income","All countries","Dollars","81","millions","6","v61914546","1.2.13.1","95665","","","","0"
"2013","Canada","2016A000011124","Payments","Investment income","All countries","Dollars","81","millions","6","v61914546","1.2.13.1","98302","","","","0"
"2014","Canada","2016A000011124","Payments","Investment income","All countries","Dollars","81","millions","6","v61914546","1.2.13.1","107108","","","","0"
"2015","Canada","2016A000011124","Payments","Investment income","All countries","Dollars","81","millions","6","v61914546","1.2.13.1","105000","","","","0"
"2016","Canada","2016A000011124","Payments","Investment income","All countries","Dollars","81","millions","6","v61914546","1.2.13.1","106512","","","","0"
"2017","Canada","2016A000011124","Payments","Investment income","All countries","Dollars","81","millions","6","v61914546","1.2.13.1","120193","","","","0"
"2018","Canada","2016A000011124","Payments","Investment income","All countries","Dollars","81","millions","6","v61914546","1.2.13.1","136777","","","","0"
"2019","Canada","2016A000011124","Payments","Investment income","All countries","Dollars","81","millions","6","v61914546","1.2.13.1","147744","","","","0"
"2020","Canada","2016A000011124","Payments","Investment income","All countries","Dollars","81","millions","6","v61914546","1.2.13.1","115395","","","","0"
"2021","Canada","2016A000011124","Payments","Investment income","All countries","Dollars","81","millions","6","v61914546","1.2.13.1","136442","","","","0"
"2022","Canada","2016A000011124","Payments","Investment income","All countries","Dollars","81","millions","6","v61914546","1.2.13.1","176081","","","","0"
"2023","Canada","2016A000011124","Payments","Investment income","All countries","Dollars","81","millions","6","v61914546","1.2.13.1","214261","","","","0"
"2010","Canada","2016A000011124","Payments","Direct investment income","All countries","Dollars","81","millions","6","v61914554","1.2.14.1","41285","","","","0"
"2011","Canada","2016A000011124","Payments","Direct investment income","All countries","Dollars","81","millions","6","v61914554","1.2.14.1","45050","","","","0"
"2012","Canada","2016A000011124","Payments","Direct investment income","All countries","Dollars","81","millions","6","v61914554","1.2.14.1","48162","","","","0"
"2013","Canada","2016A000011124","Payments","Direct investment income","All countries","Dollars","81","millions","6","v61914554","1.2.14.1","48743","","","","0"
"2014","Canada","2016A000011124","Payments","Direct investment income","All countries","Dollars","81","millions","6","v61914554","1.2.14.1","52789","","","","0"
"2015","Canada","2016A000011124","Payments","Direct investment income","All countries","Dollars","81","millions","6","v61914554","1.2.14.1","44281","","","","0"
"2016","Canada","2016A000011124","Payments","Direct investment income","All countries","Dollars","81","millions","6","v61914554","1.2.14.1","41089","","","","0"
"2017","Canada","2016A000011124","Payments","Direct investment income","All countries","Dollars","81","millions","6","v61914554","1.2.14.1","48386","","","","0"
"2018","Canada","2016A000011124","Payments","Direct investment income","All countries","Dollars","81","millions","6","v61914554","1.2.14.1","54287","","","","0"
"2019","Canada","2016A000011124","Payments","Direct investment income","All countries","Dollars","81","millions","6","v61914554","1.2.14.1","54105","","","","0"
"2020","Canada","2016A000011124","Payments","Direct investment income","All countries","Dollars","81","millions","6","v61914554","1.2.14.1","31932","","","","0"
"2021","Canada","2016A000011124","Payments","Direct investment income","All countries","Dollars","81","millions","6","v61914554","1.2.14.1","59185","","","","0"
"2022","Canada","2016A000011124","Payments","Direct investment income","All countries","Dollars","81","millions","6","v61914554","1.2.14.1","72268","","","","0"
"2023","Canada","2016A000011124","Payments","Direct investment income","All countries","Dollars","81","millions","6","v61914554","1.2.14.1","61291","","","","0"
"2010","Canada","2016A000011124","Payments","Portfolio investment income","All countries","Dollars","81","millions","6","v61914562","1.2.15.1","37230","","","","0"
"2011","Canada","2016A000011124","Payments","Portfolio investment income","All countries","Dollars","81","millions","6","v61914562","1.2.15.1","39546","","","","0"
"2012","Canada","2016A000011124","Payments","Portfolio investment income","All countries","Dollars","81","millions","6","v61914562","1.2.15.1","41918","","","","0"
"2013","Canada","2016A000011124","Payments","Portfolio investment income","All countries","Dollars","81","millions","6","v61914562","1.2.15.1","43307","","","","0"
"2014","Canada","2016A000011124","Payments","Portfolio investment income","All countries","Dollars","81","millions","6","v61914562","1.2.15.1","46606","","","","0"
"2015","Canada","2016A000011124","Payments","Portfolio investment income","All countries","Dollars","81","millions","6","v61914562","1.2.15.1","51318","","","","0"
"2016","Canada","2016A000011124","Payments","Portfolio investment income","All countries","Dollars","81","millions","6","v61914562","1.2.15.1","52969","","","","0"
"2017","Canada","2016A000011124","Payments","Portfolio investment income","All countries","Dollars","81","millions","6","v61914562","1.2.15.1","56643","","","","0"
"2018","Canada","2016A000011124","Payments","Portfolio investment income","All countries","Dollars","81","millions","6","v61914562","1.2.15.1","63811","","","","0"
"2019","Canada","2016A000011124","Payments","Portfolio investment income","All countries","Dollars","81","millions","6","v61914562","1.2.15.1","68167","","","","0"
"2020","Canada","2016A000011124","Payments","Portfolio investment income","All countries","Dollars","81","millions","6","v61914562","1.2.15.1","65626","","","","0"
"2021","Canada","2016A000011124","Payments","Portfolio investment income","All countries","Dollars","81","millions","6","v61914562","1.2.15.1","63629","","","","0"
"2022","Canada","2016A000011124","Payments","Portfolio investment income","All countries","Dollars","81","millions","6","v61914562","1.2.15.1","76771","","","","0"
"2023","Canada","2016A000011124","Payments","Portfolio investment income","All countries","Dollars","81","millions","6","v61914562","1.2.15.1","96935","","","","0"
"2010","Canada","2016A000011124","Payments","Other investment income","All countries","Dollars","81","millions","6","v61914570","1.2.16.1","5555","","","","0"
"2011","Canada","2016A000011124","Payments","Other investment income","All countries","Dollars","81","millions","6","v61914570","1.2.16.1","5942","","","","0"
"2012","Canada","2016A000011124","Payments","Other investment income","All countries","Dollars","81","millions","6","v61914570","1.2.16.1","5585","","","","0"
"2013","Canada","2016A000011124","Payments","Other investment income","All countries","Dollars","81","millions","6","v61914570","1.2.16.1","6252","","","","0"
"2014","Canada","2016A000011124","Payments","Other investment income","All countries","Dollars","81","millions","6","v61914570","1.2.16.1","7713","","","","0"
"2015","Canada","2016A000011124","Payments","Other investment income","All countries","Dollars","81","millions","6","v61914570","1.2.16.1","9401","","","","0"
"2016","Canada","2016A000011124","Payments","Other investment income","All countries","Dollars","81","millions","6","v61914570","1.2.16.1","12454","","","","0"
"2017","Canada","2016A000011124","Payments","Other investment income","All countries","Dollars","81","millions","6","v61914570","1.2.16.1","15165","","","","0"
"2018","Canada","2016A000011124","Payments","Other investment income","All countries","Dollars","81","millions","6","v61914570","1.2.16.1","18679","","","","0"
"2019","Canada","2016A000011124","Payments","Other investment income","All countries","Dollars","81","millions","6","v61914570","1.2.16.1","25472","","","","0"
"2020","Canada","2016A000011124","Payments","Other investment income","All countries","Dollars","81","millions","6","v61914570","1.2.16.1","17837","","","","0"
"2021","Canada","2016A000011124","Payments","Other investment income","All countries","Dollars","81","millions","6","v61914570","1.2.16.1","13628","","","","0"
"2022","Canada","2016A000011124","Payments","Other investment income","All countries","Dollars","81","millions","6","v61914570","1.2.16.1","27041","","","","0"
"2023","Canada","2016A000011124","Payments","Other investment income","All countries","Dollars","81","millions","6","v61914570","1.2.16.1","56035","","","","0"
"2010","Canada","2016A000011124","Payments","Secondary income","All countries","Dollars","81","millions","6","v61914578","1.2.17.1","12985","","","","0"
"2011","Canada","2016A000011124","Payments","Secondary income","All countries","Dollars","81","millions","6","v61914578","1.2.17.1","13037","","","","0"
"2012","Canada","2016A000011124","Payments","Secondary income","All countries","Dollars","81","millions","6","v61914578","1.2.17.1","13120","","","","0"
"2013","Canada","2016A000011124","Payments","Secondary income","All countries","Dollars","81","millions","6","v61914578","1.2.17.1","13740","","","","0"
"2014","Canada","2016A000011124","Payments","Secondary income","All countries","Dollars","81","millions","6","v61914578","1.2.17.1","14122","","","","0"
"2015","Canada","2016A000011124","Payments","Secondary income","All countries","Dollars","81","millions","6","v61914578","1.2.17.1","15122","","","","0"
"2016","Canada","2016A000011124","Payments","Secondary income","All countries","Dollars","81","millions","6","v61914578","1.2.17.1","15370","","","","0"
"2017","Canada","2016A000011124","Payments","Secondary income","All countries","Dollars","81","millions","6","v61914578","1.2.17.1","16317","","","","0"
"2018","Canada","2016A000011124","Payments","Secondary income","All countries","Dollars","81","millions","6","v61914578","1.2.17.1","17195","","","","0"
"2019","Canada","2016A000011124","Payments","Secondary income","All countries","Dollars","81","millions","6","v61914578","1.2.17.1","18275","","","","0"
"2020","Canada","2016A000011124","Payments","Secondary income","All countries","Dollars","81","millions","6","v61914578","1.2.17.1","18889","","","","0"
"2021","Canada","2016A000011124","Payments","Secondary income","All countries","Dollars","81","millions","6","v61914578","1.2.17.1","20294","","","","0"
"2022","Canada","2016A000011124","Payments","Secondary income","All countries","Dollars","81","millions","6","v61914578","1.2.17.1","22159","","","","0"
"2023","Canada","2016A000011124","Payments","Secondary income","All countries","Dollars","81","millions","6","v61914578","1.2.17.1","26432","","","","0"
"2010","Canada","2016A000011124","Payments","Private transfers","All countries","Dollars","81","millions","6","v61914586","1.2.18.1","7792","","","","0"
"2011","Canada","2016A000011124","Payments","Private transfers","All countries","Dollars","81","millions","6","v61914586","1.2.18.1","8015","","","","0"
"2012","Canada","2016A000011124","Payments","Private transfers","All countries","Dollars","81","millions","6","v61914586","1.2.18.1","7996","","","","0"
"2013","Canada","2016A000011124","Payments","Private transfers","All countries","Dollars","81","millions","6","v61914586","1.2.18.1","8559","","","","0"
"2014","Canada","2016A000011124","Payments","Private transfers","All countries","Dollars","81","millions","6","v61914586","1.2.18.1","9377","","","","0"
"2015","Canada","2016A000011124","Payments","Private transfers","All countries","Dollars","81","millions","6","v61914586","1.2.18.1","9974","","","","0"
"2016","Canada","2016A000011124","Payments","Private transfers","All countries","Dollars","81","millions","6","v61914586","1.2.18.1","10063","","","","0"
"2017","Canada","2016A000011124","Payments","Private transfers","All countries","Dollars","81","millions","6","v61914586","1.2.18.1","11027","","","","0"
"2018","Canada","2016A000011124","Payments","Private transfers","All countries","Dollars","81","millions","6","v61914586","1.2.18.1","11672","","","","0"
"2019","Canada","2016A000011124","Payments","Private transfers","All countries","Dollars","81","millions","6","v61914586","1.2.18.1","12580","","","","0"
"2020","Canada","2016A000011124","Payments","Private transfers","All countries","Dollars","81","millions","6","v61914586","1.2.18.1","13270","","","","0"
"2021","Canada","2016A000011124","Payments","Private transfers","All countries","Dollars","81","millions","6","v61914586","1.2.18.1","13448","","","","0"
"2022","Canada","2016A000011124","Payments","Private transfers","All countries","Dollars","81","millions","6","v61914586","1.2.18.1","14107","","","","0"
"2023","Canada","2016A000011124","Payments","Private transfers","All countries","Dollars","81","millions","6","v61914586","1.2.18.1","18092","","","","0"
"2010","Canada","2016A000011124","Payments","Government transfers","All countries","Dollars","81","millions","6","v61914598","1.2.23.1","5193","","","","0"
"2011","Canada","2016A000011124","Payments","Government transfers","All countries","Dollars","81","millions","6","v61914598","1.2.23.1","5022","","","","0"
"2012","Canada","2016A000011124","Payments","Government transfers","All countries","Dollars","81","millions","6","v61914598","1.2.23.1","5124","","","","0"
"2013","Canada","2016A000011124","Payments","Government transfers","All countries","Dollars","81","millions","6","v61914598","1.2.23.1","5181","","","","0"
"2014","Canada","2016A000011124","Payments","Government transfers","All countries","Dollars","81","millions","6","v61914598","1.2.23.1","4745","","","","0"
"2015","Canada","2016A000011124","Payments","Government transfers","All countries","Dollars","81","millions","6","v61914598","1.2.23.1","5147","","","","0"
"2016","Canada","2016A000011124","Payments","Government transfers","All countries","Dollars","81","millions","6","v61914598","1.2.23.1","5306","","","","0"
"2017","Canada","2016A000011124","Payments","Government transfers","All countries","Dollars","81","millions","6","v61914598","1.2.23.1","5290","","","","0"
"2018","Canada","2016A000011124","Payments","Government transfers","All countries","Dollars","81","millions","6","v61914598","1.2.23.1","5523","","","","0"
"2019","Canada","2016A000011124","Payments","Government transfers","All countries","Dollars","81","millions","6","v61914598","1.2.23.1","5696","","","","0"
"2020","Canada","2016A000011124","Payments","Government transfers","All countries","Dollars","81","millions","6","v61914598","1.2.23.1","5619","","","","0"
"2021","Canada","2016A000011124","Payments","Government transfers","All countries","Dollars","81","millions","6","v61914598","1.2.23.1","6846","","","","0"
"2022","Canada","2016A000011124","Payments","Government transfers","All countries","Dollars","81","millions","6","v61914598","1.2.23.1","8052","","","","0"
"2023","Canada","2016A000011124","Payments","Government transfers","All countries","Dollars","81","millions","6","v61914598","1.2.23.1","8340","","","","0"
"2010","Canada","2016A000011124","Payments","Capital account","All countries","Dollars","81","millions","6","v61914608","1.2.27.1","385","","","","0"
"2011","Canada","2016A000011124","Payments","Capital account","All countries","Dollars","81","millions","6","v61914608","1.2.27.1","333","","","","0"
"2012","Canada","2016A000011124","Payments","Capital account","All countries","Dollars","81","millions","6","v61914608","1.2.27.1","557","","","","0"
"2013","Canada","2016A000011124","Payments","Capital account","All countries","Dollars","81","millions","6","v61914608","1.2.27.1","404","","","","0"
"2014","Canada","2016A000011124","Payments","Capital account","All countries","Dollars","81","millions","6","v61914608","1.2.27.1","481","","","","0"
"2015","Canada","2016A000011124","Payments","Capital account","All countries","Dollars","81","millions","6","v61914608","1.2.27.1","437","","","","0"
"2016","Canada","2016A000011124","Payments","Capital account","All countries","Dollars","81","millions","6","v61914608","1.2.27.1","371","","","","0"
"2017","Canada","2016A000011124","Payments","Capital account","All countries","Dollars","81","millions","6","v61914608","1.2.27.1","356","","","","0"
"2018","Canada","2016A000011124","Payments","Capital account","All countries","Dollars","81","millions","6","v61914608","1.2.27.1","356","","","","0"
"2019","Canada","2016A000011124","Payments","Capital account","All countries","Dollars","81","millions","6","v61914608","1.2.27.1","369","","","","0"
"2020","Canada","2016A000011124","Payments","Capital account","All countries","Dollars","81","millions","6","v61914608","1.2.27.1","328","","","","0"
"2021","Canada","2016A000011124","Payments","Capital account","All countries","Dollars","81","millions","6","v61914608","1.2.27.1","318","","","","0"
"2022","Canada","2016A000011124","Payments","Capital account","All countries","Dollars","81","millions","6","v61914608","1.2.27.1","333","","","","0"
"2023","Canada","2016A000011124","Payments","Capital account","All countries","Dollars","81","millions","6","v61914608","1.2.27.1","337","","","","0"
"2010","Canada","2016A000011124","Balances","Total current account","All countries","Dollars","81","millions","6","v61914609","1.3.1.1","-59351","","","","0"
"2011","Canada","2016A000011124","Balances","Total current account","All countries","Dollars","81","millions","6","v61914609","1.3.1.1","-48112","","","","0"
"2012","Canada","2016A000011124","Balances","Total current account","All countries","Dollars","81","millions","6","v61914609","1.3.1.1","-64579","","","","0"
"2013","Canada","2016A000011124","Balances","Total current account","All countries","Dollars","81","millions","6","v61914609","1.3.1.1","-59759","","","","0"
"2014","Canada","2016A000011124","Balances","Total current account","All countries","Dollars","81","millions","6","v61914609","1.3.1.1","-46278","","","","0"
"2015","Canada","2016A000011124","Balances","Total current account","All countries","Dollars","81","millions","6","v61914609","1.3.1.1","-69569","","","","0"
"2016","Canada","2016A000011124","Balances","Total current account","All countries","Dollars","81","millions","6","v61914609","1.3.1.1","-62553","","","","0"
"2017","Canada","2016A000011124","Balances","Total current account","All countries","Dollars","81","millions","6","v61914609","1.3.1.1","-59998","","","","0"
"2018","Canada","2016A000011124","Balances","Total current account","All countries","Dollars","81","millions","6","v61914609","1.3.1.1","-53141","","","","0"
"2019","Canada","2016A000011124","Balances","Total current account","All countries","Dollars","81","millions","6","v61914609","1.3.1.1","-45183","","","","0"
"2020","Canada","2016A000011124","Balances","Total current account","All countries","Dollars","81","millions","6","v61914609","1.3.1.1","-44789","","","","0"
"2021","Canada","2016A000011124","Balances","Total current account","All countries","Dollars","81","millions","6","v61914609","1.3.1.1","371","","","","0"
"2022","Canada","2016A000011124","Balances","Total current account","All countries","Dollars","81","millions","6","v61914609","1.3.1.1","-10312","","","","0"
"2023","Canada","2016A000011124","Balances","Total current account","All countries","Dollars","81","millions","6","v61914609","1.3.1.1","-17759","","","","0"
"2010","Canada","2016A000011124","Balances","Goods and services","All countries","Dollars","81","millions","6","v61914617","1.3.2.1","-31213","","","","0"
"2011","Canada","2016A000011124","Balances","Goods and services","All countries","Dollars","81","millions","6","v61914617","1.3.2.1","-20260","","","","0"
"2012","Canada","2016A000011124","Balances","Goods and services","All countries","Dollars","81","millions","6","v61914617","1.3.2.1","-34525","","","","0"
"2013","Canada","2016A000011124","Balances","Goods and services","All countries","Dollars","81","millions","6","v61914617","1.3.2.1","-29813","","","","0"
"2014","Canada","2016A000011124","Balances","Goods and services","All countries","Dollars","81","millions","6","v61914617","1.3.2.1","-18064","","","","0"
"2015","Canada","2016A000011124","Balances","Goods and services","All countries","Dollars","81","millions","6","v61914617","1.3.2.1","-49066","","","","0"
"2016","Canada","2016A000011124","Balances","Goods and services","All countries","Dollars","81","millions","6","v61914617","1.3.2.1","-47776","","","","0"
"2017","Canada","2016A000011124","Balances","Goods and services","All countries","Dollars","81","millions","6","v61914617","1.3.2.1","-46929","","","","0"
"2018","Canada","2016A000011124","Balances","Goods and services","All countries","Dollars","81","millions","6","v61914617","1.3.2.1","-43575","","","","0"
"2019","Canada","2016A000011124","Balances","Goods and services","All countries","Dollars","81","millions","6","v61914617","1.3.2.1","-33919","","","","0"
"2020","Canada","2016A000011124","Balances","Goods and services","All countries","Dollars","81","millions","6","v61914617","1.3.2.1","-49062","","","","0"
"2021","Canada","2016A000011124","Balances","Goods and services","All countries","Dollars","81","millions","6","v61914617","1.3.2.1","216","","","","0"
"2022","Canada","2016A000011124","Balances","Goods and services","All countries","Dollars","81","millions","6","v61914617","1.3.2.1","3691","","","","0"
"2023","Canada","2016A000011124","Balances","Goods and services","All countries","Dollars","81","millions","6","v61914617","1.3.2.1","-11278","","","","0"
"2010","Canada","2016A000011124","Balances","Goods","All countries","Dollars","81","millions","6","v61914625","1.3.3.1","-9152","","","","0"
"2011","Canada","2016A000011124","Balances","Goods","All countries","Dollars","81","millions","6","v61914625","1.3.3.1","1190","","","","0"
"2012","Canada","2016A000011124","Balances","Goods","All countries","Dollars","81","millions","6","v61914625","1.3.3.1","-12533","","","","0"
"2013","Canada","2016A000011124","Balances","Goods","All countries","Dollars","81","millions","6","v61914625","1.3.3.1","-7243","","","","0"
"2014","Canada","2016A000011124","Balances","Goods","All countries","Dollars","81","millions","6","v61914625","1.3.3.1","5577","","","","0"
"2015","Canada","2016A000011124","Balances","Goods","All countries","Dollars","81","millions","6","v61914625","1.3.3.1","-23751","","","","0"
"2016","Canada","2016A000011124","Balances","Goods","All countries","Dollars","81","millions","6","v61914625","1.3.3.1","-25048","","","","0"
"2017","Canada","2016A000011124","Balances","Goods","All countries","Dollars","81","millions","6","v61914625","1.3.3.1","-24499","","","","0"
"2018","Canada","2016A000011124","Balances","Goods","All countries","Dollars","81","millions","6","v61914625","1.3.3.1","-21806","","","","0"
"2019","Canada","2016A000011124","Balances","Goods","All countries","Dollars","81","millions","6","v61914625","1.3.3.1","-18798","","","","0"
"2020","Canada","2016A000011124","Balances","Goods","All countries","Dollars","81","millions","6","v61914625","1.3.3.1","-40647","","","","0"
"2021","Canada","2016A000011124","Balances","Goods","All countries","Dollars","81","millions","6","v61914625","1.3.3.1","2460","","","","0"
"2022","Canada","2016A000011124","Balances","Goods","All countries","Dollars","81","millions","6","v61914625","1.3.3.1","19706","","","","0"
"2023","Canada","2016A000011124","Balances","Goods","All countries","Dollars","81","millions","6","v61914625","1.3.3.1","-1827","","","","0"
"2010","Canada","2016A000011124","Balances","Services","All countries","Dollars","81","millions","6","v61914635","1.3.5.1","-22061","","","","0"
"2011","Canada","2016A000011124","Balances","Services","All countries","Dollars","81","millions","6","v61914635","1.3.5.1","-21450","","","","0"
"2012","Canada","2016A000011124","Balances","Services","All countries","Dollars","81","millions","6","v61914635","1.3.5.1","-21992","","","","0"
"2013","Canada","2016A000011124","Balances","Services","All countries","Dollars","81","millions","6","v61914635","1.3.5.1","-22570","","","","0"
"2014","Canada","2016A000011124","Balances","Services","All countries","Dollars","81","millions","6","v61914635","1.3.5.1","-23641","","","","0"
"2015","Canada","2016A000011124","Balances","Services","All countries","Dollars","81","millions","6","v61914635","1.3.5.1","-25315","","","","0"
"2016","Canada","2016A000011124","Balances","Services","All countries","Dollars","81","millions","6","v61914635","1.3.5.1","-22728","","","","0"
"2017","Canada","2016A000011124","Balances","Services","All countries","Dollars","81","millions","6","v61914635","1.3.5.1","-22429","","","","0"
"2018","Canada","2016A000011124","Balances","Services","All countries","Dollars","81","millions","6","v61914635","1.3.5.1","-21769","","","","0"
"2019","Canada","2016A000011124","Balances","Services","All countries","Dollars","81","millions","6","v61914635","1.3.5.1","-15121","","","","0"
"2020","Canada","2016A000011124","Balances","Services","All countries","Dollars","81","millions","6","v61914635","1.3.5.1","-8414","","","","0"
"2021","Canada","2016A000011124","Balances","Services","All countries","Dollars","81","millions","6","v61914635","1.3.5.1","-2244","","","","0"
"2022","Canada","2016A000011124","Balances","Services","All countries","Dollars","81","millions","6","v61914635","1.3.5.1","-16016","","","","0"
"2023","Canada","2016A000011124","Balances","Services","All countries","Dollars","81","millions","6","v61914635","1.3.5.1","-9451","","","","0"
"2010","Canada","2016A000011124","Balances","Primary income","All countries","Dollars","81","millions","6","v61914683","1.3.11.1","-24175","","","","0"
"2011","Canada","2016A000011124","Balances","Primary income","All countries","Dollars","81","millions","6","v61914683","1.3.11.1","-24225","","","","0"
"2012","Canada","2016A000011124","Balances","Primary income","All countries","Dollars","81","millions","6","v61914683","1.3.11.1","-25855","","","","0"
"2013","Canada","2016A000011124","Balances","Primary income","All countries","Dollars","81","millions","6","v61914683","1.3.11.1","-25897","","","","0"
"2014","Canada","2016A000011124","Balances","Primary income","All countries","Dollars","81","millions","6","v61914683","1.3.11.1","-24774","","","","0"
"2015","Canada","2016A000011124","Balances","Primary income","All countries","Dollars","81","millions","6","v61914683","1.3.11.1","-16310","","","","0"
"2016","Canada","2016A000011124","Balances","Primary income","All countries","Dollars","81","millions","6","v61914683","1.3.11.1","-12656","","","","0"
"2017","Canada","2016A000011124","Balances","Primary income","All countries","Dollars","81","millions","6","v61914683","1.3.11.1","-8703","","","","0"
"2018","Canada","2016A000011124","Balances","Primary income","All countries","Dollars","81","millions","6","v61914683","1.3.11.1","-6274","","","","0"
"2019","Canada","2016A000011124","Balances","Primary income","All countries","Dollars","81","millions","6","v61914683","1.3.11.1","-8286","","","","0"
"2020","Canada","2016A000011124","Balances","Primary income","All countries","Dollars","81","millions","6","v61914683","1.3.11.1","10667","","","","0"
"2021","Canada","2016A000011124","Balances","Primary income","All countries","Dollars","81","millions","6","v61914683","1.3.11.1","4933","","","","0"
"2022","Canada","2016A000011124","Balances","Primary income","All countries","Dollars","81","millions","6","v61914683","1.3.11.1","-10023","","","","0"
"2023","Canada","2016A000011124","Balances","Primary income","All countries","Dollars","81","millions","6","v61914683","1.3.11.1","1056","","","","0"
"2010","Canada","2016A000011124","Balances","Compensation of employees","All countries","Dollars","81","millions","6","v61914691","1.3.12.1","-1742","","","","0"
"2011","Canada","2016A000011124","Balances","Compensation of employees","All countries","Dollars","81","millions","6","v61914691","1.3.12.1","-1902","","","","0"
"2012","Canada","2016A000011124","Balances","Compensation of employees","All countries","Dollars","81","millions","6","v61914691","1.3.12.1","-1923","","","","0"
"2013","Canada","2016A000011124","Balances","Compensation of employees","All countries","Dollars","81","millions","6","v61914691","1.3.12.1","-1998","","","","0"
"2014","Canada","2016A000011124","Balances","Compensation of employees","All countries","Dollars","81","millions","6","v61914691","1.3.12.1","-2216","","","","0"
"2015","Canada","2016A000011124","Balances","Compensation of employees","All countries","Dollars","81","millions","6","v61914691","1.3.12.1","-2104","","","","0"
"2016","Canada","2016A000011124","Balances","Compensation of employees","All countries","Dollars","81","millions","6","v61914691","1.3.12.1","-2340","","","","0"
"2017","Canada","2016A000011124","Balances","Compensation of employees","All countries","Dollars","81","millions","6","v61914691","1.3.12.1","-3432","","","","0"
"2018","Canada","2016A000011124","Balances","Compensation of employees","All countries","Dollars","81","millions","6","v61914691","1.3.12.1","-4644","","","","0"
"2019","Canada","2016A000011124","Balances","Compensation of employees","All countries","Dollars","81","millions","6","v61914691","1.3.12.1","-6188","","","","0"
"2020","Canada","2016A000011124","Balances","Compensation of employees","All countries","Dollars","81","millions","6","v61914691","1.3.12.1","-5166","","","","0"
"2021","Canada","2016A000011124","Balances","Compensation of employees","All countries","Dollars","81","millions","6","v61914691","1.3.12.1","-5422","","","","0"
"2022","Canada","2016A000011124","Balances","Compensation of employees","All countries","Dollars","81","millions","6","v61914691","1.3.12.1","-5761","","","","0"
"2023","Canada","2016A000011124","Balances","Compensation of employees","All countries","Dollars","81","millions","6","v61914691","1.3.12.1","-6309","","","","0"
"2010","Canada","2016A000011124","Balances","Investment income","All countries","Dollars","81","millions","6","v61914699","1.3.13.1","-22433","","","","0"
"2011","Canada","2016A000011124","Balances","Investment income","All countries","Dollars","81","millions","6","v61914699","1.3.13.1","-22323","","","","0"
"2012","Canada","2016A000011124","Balances","Investment income","All countries","Dollars","81","millions","6","v61914699","1.3.13.1","-23932","","","","0"
"2013","Canada","2016A000011124","Balances","Investment income","All countries","Dollars","81","millions","6","v61914699","1.3.13.1","-23899","","","","0"
"2014","Canada","2016A000011124","Balances","Investment income","All countries","Dollars","81","millions","6","v61914699","1.3.13.1","-22558","","","","0"
"2015","Canada","2016A000011124","Balances","Investment income","All countries","Dollars","81","millions","6","v61914699","1.3.13.1","-14206","","","","0"
"2016","Canada","2016A000011124","Balances","Investment income","All countries","Dollars","81","millions","6","v61914699","1.3.13.1","-10317","","","","0"
"2017","Canada","2016A000011124","Balances","Investment income","All countries","Dollars","81","millions","6","v61914699","1.3.13.1","-5272","","","","0"
"2018","Canada","2016A000011124","Balances","Investment income","All countries","Dollars","81","millions","6","v61914699","1.3.13.1","-1630","","","","0"
"2019","Canada","2016A000011124","Balances","Investment income","All countries","Dollars","81","millions","6","v61914699","1.3.13.1","-2098","","","","0"
"2020","Canada","2016A000011124","Balances","Investment income","All countries","Dollars","81","millions","6","v61914699","1.3.13.1","15833","","","","0"
"2021","Canada","2016A000011124","Balances","Investment income","All countries","Dollars","81","millions","6","v61914699","1.3.13.1","10355","","","","0"
"2022","Canada","2016A000011124","Balances","Investment income","All countries","Dollars","81","millions","6","v61914699","1.3.13.1","-4261","","","","0"
"2023","Canada","2016A000011124","Balances","Investment income","All countries","Dollars","81","millions","6","v61914699","1.3.13.1","7366","","","","0"
"2010","Canada","2016A000011124","Balances","Direct investment income","All countries","Dollars","81","millions","6","v61914707","1.3.14.1","-2673","","","","0"
"2011","Canada","2016A000011124","Balances","Direct investment income","All countries","Dollars","81","millions","6","v61914707","1.3.14.1","-1065","","","","0"
"2012","Canada","2016A000011124","Balances","Direct investment income","All countries","Dollars","81","millions","6","v61914707","1.3.14.1","-3113","","","","0"
"2013","Canada","2016A000011124","Balances","Direct investment income","All countries","Dollars","81","millions","6","v61914707","1.3.14.1","-2960","","","","0"
"2014","Canada","2016A000011124","Balances","Direct investment income","All countries","Dollars","81","millions","6","v61914707","1.3.14.1","-724","","","","0"
"2015","Canada","2016A000011124","Balances","Direct investment income","All countries","Dollars","81","millions","6","v61914707","1.3.14.1","9184","","","","0"
"2016","Canada","2016A000011124","Balances","Direct investment income","All countries","Dollars","81","millions","6","v61914707","1.3.14.1","12953","","","","0"
"2017","Canada","2016A000011124","Balances","Direct investment income","All countries","Dollars","81","millions","6","v61914707","1.3.14.1","21897","","","","0"
"2018","Canada","2016A000011124","Balances","Direct investment income","All countries","Dollars","81","millions","6","v61914707","1.3.14.1","27409","","","","0"
"2019","Canada","2016A000011124","Balances","Direct investment income","All countries","Dollars","81","millions","6","v61914707","1.3.14.1","27660","","","","0"
"2020","Canada","2016A000011124","Balances","Direct investment income","All countries","Dollars","81","millions","6","v61914707","1.3.14.1","44477","","","","0"
"2021","Canada","2016A000011124","Balances","Direct investment income","All countries","Dollars","81","millions","6","v61914707","1.3.14.1","38892","","","","0"
"2022","Canada","2016A000011124","Balances","Direct investment income","All countries","Dollars","81","millions","6","v61914707","1.3.14.1","35369","","","","0"
"2023","Canada","2016A000011124","Balances","Direct investment income","All countries","Dollars","81","millions","6","v61914707","1.3.14.1","56049","","","","0"
"2010","Canada","2016A000011124","Balances","Portfolio investment income","All countries","Dollars","81","millions","6","v61914715","1.3.15.1","-19290","","","","0"
"2011","Canada","2016A000011124","Balances","Portfolio investment income","All countries","Dollars","81","millions","6","v61914715","1.3.15.1","-20514","","","","0"
"2012","Canada","2016A000011124","Balances","Portfolio investment income","All countries","Dollars","81","millions","6","v61914715","1.3.15.1","-20925","","","","0"
"2013","Canada","2016A000011124","Balances","Portfolio investment income","All countries","Dollars","81","millions","6","v61914715","1.3.15.1","-20161","","","","0"
"2014","Canada","2016A000011124","Balances","Portfolio investment income","All countries","Dollars","81","millions","6","v61914715","1.3.15.1","-20852","","","","0"
"2015","Canada","2016A000011124","Balances","Portfolio investment income","All countries","Dollars","81","millions","6","v61914715","1.3.15.1","-22236","","","","0"
"2016","Canada","2016A000011124","Balances","Portfolio investment income","All countries","Dollars","81","millions","6","v61914715","1.3.15.1","-21156","","","","0"
"2017","Canada","2016A000011124","Balances","Portfolio investment income","All countries","Dollars","81","millions","6","v61914715","1.3.15.1","-23543","","","","0"
"2018","Canada","2016A000011124","Balances","Portfolio investment income","All countries","Dollars","81","millions","6","v61914715","1.3.15.1","-27356","","","","0"
"2019","Canada","2016A000011124","Balances","Portfolio investment income","All countries","Dollars","81","millions","6","v61914715","1.3.15.1","-27543","","","","0"
"2020","Canada","2016A000011124","Balances","Portfolio investment income","All countries","Dollars","81","millions","6","v61914715","1.3.15.1","-24840","","","","0"
"2021","Canada","2016A000011124","Balances","Portfolio investment income","All countries","Dollars","81","millions","6","v61914715","1.3.15.1","-21514","","","","0"
"2022","Canada","2016A000011124","Balances","Portfolio investment income","All countries","Dollars","81","millions","6","v61914715","1.3.15.1","-31408","","","","0"
"2023","Canada","2016A000011124","Balances","Portfolio investment income","All countries","Dollars","81","millions","6","v61914715","1.3.15.1","-43829","","","","0"
"2010","Canada","2016A000011124","Balances","Other investment income","All countries","Dollars","81","millions","6","v61914723","1.3.16.1","-470","","","","0"
"2011","Canada","2016A000011124","Balances","Other investment income","All countries","Dollars","81","millions","6","v61914723","1.3.16.1","-744","","","","0"
"2012","Canada","2016A000011124","Balances","Other investment income","All countries","Dollars","81","millions","6","v61914723","1.3.16.1","106","","","","0"
"2013","Canada","2016A000011124","Balances","Other investment income","All countries","Dollars","81","millions","6","v61914723","1.3.16.1","-777","","","","0"
"2014","Canada","2016A000011124","Balances","Other investment income","All countries","Dollars","81","millions","6","v61914723","1.3.16.1","-982","","","","0"
"2015","Canada","2016A000011124","Balances","Other investment income","All countries","Dollars","81","millions","6","v61914723","1.3.16.1","-1154","","","","0"
"2016","Canada","2016A000011124","Balances","Other investment income","All countries","Dollars","81","millions","6","v61914723","1.3.16.1","-2113","","","","0"
"2017","Canada","2016A000011124","Balances","Other investment income","All countries","Dollars","81","millions","6","v61914723","1.3.16.1","-3625","","","","0"
"2018","Canada","2016A000011124","Balances","Other investment income","All countries","Dollars","81","millions","6","v61914723","1.3.16.1","-1683","","","","0"
"2019","Canada","2016A000011124","Balances","Other investment income","All countries","Dollars","81","millions","6","v61914723","1.3.16.1","-2215","","","","0"
"2020","Canada","2016A000011124","Balances","Other investment income","All countries","Dollars","81","millions","6","v61914723","1.3.16.1","-3804","","","","0"
"2021","Canada","2016A000011124","Balances","Other investment income","All countries","Dollars","81","millions","6","v61914723","1.3.16.1","-7022","","","","0"
"2022","Canada","2016A000011124","Balances","Other investment income","All countries","Dollars","81","millions","6","v61914723","1.3.16.1","-8223","","","","0"
"2023","Canada","2016A000011124","Balances","Other investment income","All countries","Dollars","81","millions","6","v61914723","1.3.16.1","-4855","","","","0"
"2010","Canada","2016A000011124","Balances","Secondary income","All countries","Dollars","81","millions","6","v61914731","1.3.17.1","-3963","","","","0"
"2011","Canada","2016A000011124","Balances","Secondary income","All countries","Dollars","81","millions","6","v61914731","1.3.17.1","-3626","","","","0"
"2012","Canada","2016A000011124","Balances","Secondary income","All countries","Dollars","81","millions","6","v61914731","1.3.17.1","-4199","","","","0"
"2013","Canada","2016A000011124","Balances","Secondary income","All countries","Dollars","81","millions","6","v61914731","1.3.17.1","-4050","","","","0"
"2014","Canada","2016A000011124","Balances","Secondary income","All countries","Dollars","81","millions","6","v61914731","1.3.17.1","-3440","","","","0"
"2015","Canada","2016A000011124","Balances","Secondary income","All countries","Dollars","81","millions","6","v61914731","1.3.17.1","-4193","","","","0"
"2016","Canada","2016A000011124","Balances","Secondary income","All countries","Dollars","81","millions","6","v61914731","1.3.17.1","-2121","","","","0"
"2017","Canada","2016A000011124","Balances","Secondary income","All countries","Dollars","81","millions","6","v61914731","1.3.17.1","-4366","","","","0"
"2018","Canada","2016A000011124","Balances","Secondary income","All countries","Dollars","81","millions","6","v61914731","1.3.17.1","-3293","","","","0"
"2019","Canada","2016A000011124","Balances","Secondary income","All countries","Dollars","81","millions","6","v61914731","1.3.17.1","-2977","","","","0"
"2020","Canada","2016A000011124","Balances","Secondary income","All countries","Dollars","81","millions","6","v61914731","1.3.17.1","-6394","","","","0"
"2021","Canada","2016A000011124","Balances","Secondary income","All countries","Dollars","81","millions","6","v61914731","1.3.17.1","-4777","","","","0"
"2022","Canada","2016A000011124","Balances","Secondary income","All countries","Dollars","81","millions","6","v61914731","1.3.17.1","-3980","","","","0"
"2023","Canada","2016A000011124","Balances","Secondary income","All countries","Dollars","81","millions","6","v61914731","1.3.17.1","-7537","","","","0"
"2010","Canada","2016A000011124","Balances","Private transfers","All countries","Dollars","81","millions","6","v61914739","1.3.18.1","-4891","","","","0"
"2011","Canada","2016A000011124","Balances","Private transfers","All countries","Dollars","81","millions","6","v61914739","1.3.18.1","-4733","","","","0"
"2012","Canada","2016A000011124","Balances","Private transfers","All countries","Dollars","81","millions","6","v61914739","1.3.18.1","-4701","","","","0"
"2013","Canada","2016A000011124","Balances","Private transfers","All countries","Dollars","81","millions","6","v61914739","1.3.18.1","-4904","","","","0"
"2014","Canada","2016A000011124","Balances","Private transfers","All countries","Dollars","81","millions","6","v61914739","1.3.18.1","-6020","","","","0"
"2015","Canada","2016A000011124","Balances","Private transfers","All countries","Dollars","81","millions","6","v61914739","1.3.18.1","-6382","","","","0"
"2016","Canada","2016A000011124","Balances","Private transfers","All countries","Dollars","81","millions","6","v61914739","1.3.18.1","-4284","","","","0"
"2017","Canada","2016A000011124","Balances","Private transfers","All countries","Dollars","81","millions","6","v61914739","1.3.18.1","-7287","","","","0"
"2018","Canada","2016A000011124","Balances","Private transfers","All countries","Dollars","81","millions","6","v61914739","1.3.18.1","-7464","","","","0"
"2019","Canada","2016A000011124","Balances","Private transfers","All countries","Dollars","81","millions","6","v61914739","1.3.18.1","-8196","","","","0"
"2020","Canada","2016A000011124","Balances","Private transfers","All countries","Dollars","81","millions","6","v61914739","1.3.18.1","-8853","","","","0"
"2021","Canada","2016A000011124","Balances","Private transfers","All countries","Dollars","81","millions","6","v61914739","1.3.18.1","-8988","","","","0"
"2022","Canada","2016A000011124","Balances","Private transfers","All countries","Dollars","81","millions","6","v61914739","1.3.18.1","-9278","","","","0"
"2023","Canada","2016A000011124","Balances","Private transfers","All countries","Dollars","81","millions","6","v61914739","1.3.18.1","-12682","","","","0"
"2010","Canada","2016A000011124","Balances","Government transfers","All countries","Dollars","81","millions","6","v61914749","1.3.23.1","928","","","","0"
"2011","Canada","2016A000011124","Balances","Government transfers","All countries","Dollars","81","millions","6","v61914749","1.3.23.1","1106","","","","0"
"2012","Canada","2016A000011124","Balances","Government transfers","All countries","Dollars","81","millions","6","v61914749","1.3.23.1","503","","","","0"
"2013","Canada","2016A000011124","Balances","Government transfers","All countries","Dollars","81","millions","6","v61914749","1.3.23.1","855","","","","0"
"2014","Canada","2016A000011124","Balances","Government transfers","All countries","Dollars","81","millions","6","v61914749","1.3.23.1","2579","","","","0"
"2015","Canada","2016A000011124","Balances","Government transfers","All countries","Dollars","81","millions","6","v61914749","1.3.23.1","2189","","","","0"
"2016","Canada","2016A000011124","Balances","Government transfers","All countries","Dollars","81","millions","6","v61914749","1.3.23.1","2163","","","","0"
"2017","Canada","2016A000011124","Balances","Government transfers","All countries","Dollars","81","millions","6","v61914749","1.3.23.1","2922","","","","0"
"2018","Canada","2016A000011124","Balances","Government transfers","All countries","Dollars","81","millions","6","v61914749","1.3.23.1","4171","","","","0"
"2019","Canada","2016A000011124","Balances","Government transfers","All countries","Dollars","81","millions","6","v61914749","1.3.23.1","5218","","","","0"
"2020","Canada","2016A000011124","Balances","Government transfers","All countries","Dollars","81","millions","6","v61914749","1.3.23.1","2459","","","","0"
"2021","Canada","2016A000011124","Balances","Government transfers","All countries","Dollars","81","millions","6","v61914749","1.3.23.1","4212","","","","0"
"2022","Canada","2016A000011124","Balances","Government transfers","All countries","Dollars","81","millions","6","v61914749","1.3.23.1","5298","","","","0"
"2023","Canada","2016A000011124","Balances","Government transfers","All countries","Dollars","81","millions","6","v61914749","1.3.23.1","5145","","","","0"
"2010","Canada","2016A000011124","Balances","Capital account","All countries","Dollars","81","millions","6","v61914760","1.3.27.1","-126","","","","0"
"2011","Canada","2016A000011124","Balances","Capital account","All countries","Dollars","81","millions","6","v61914760","1.3.27.1","4573","","","","0"
"2012","Canada","2016A000011124","Balances","Capital account","All countries","Dollars","81","millions","6","v61914760","1.3.27.1","-272","","","","0"
"2013","Canada","2016A000011124","Balances","Capital account","All countries","Dollars","81","millions","6","v61914760","1.3.27.1","-104","","","","0"
"2014","Canada","2016A000011124","Balances","Capital account","All countries","Dollars","81","millions","6","v61914760","1.3.27.1","398","","","","0"
"2015","Canada","2016A000011124","Balances","Capital account","All countries","Dollars","81","millions","6","v61914760","1.3.27.1","-106","","","","0"
"2016","Canada","2016A000011124","Balances","Capital account","All countries","Dollars","81","millions","6","v61914760","1.3.27.1","-91","","","","0"
"2017","Canada","2016A000011124","Balances","Capital account","All countries","Dollars","81","millions","6","v61914760","1.3.27.1","-76","","","","0"
"2018","Canada","2016A000011124","Balances","Capital account","All countries","Dollars","81","millions","6","v61914760","1.3.27.1","-76","","","","0"
"2019","Canada","2016A000011124","Balances","Capital account","All countries","Dollars","81","millions","6","v61914760","1.3.27.1","-89","","","","0"
"2020","Canada","2016A000011124","Balances","Capital account","All countries","Dollars","81","millions","6","v61914760","1.3.27.1","-48","","","","0"
"2021","Canada","2016A000011124","Balances","Capital account","All countries","Dollars","81","millions","6","v61914760","1.3.27.1","-38","","","","0"
"2022","Canada","2016A000011124","Balances","Capital account","All countries","Dollars","81","millions","6","v61914760","1.3.27.1","-53","","","","0"
"2023","Canada","2016A000011124","Balances","Capital account","All countries","Dollars","81","millions","6","v61914760","1.3.27.1","172","","","","0"


